id,pred
2023_VOL30_1430_name of the holder,
2023_VOL30_1431_name of the holder,
2023_VOL30_1432_name of the holder,
2023_VOL30_1433_name of the holder,
2023_VOL30_1434_name of the holder,
2023_VOL30_1435_name of the holder,
2023_VOL30_1436_name of the holder,
2023_VOL30_1437_name of the holder,
2023_VOL30_1438_name of the holder,
2023_VOL30_1439_name of the holder,
2023_VOL30_1440_name of the holder,
2023_VOL30_1441_name of the holder,
2023_VOL30_1442_name of the holder,
2023_VOL30_1443_name of the holder,
2023_VOL30_1444_name of the holder,
2023_VOL30_1445_name of the holder,
2023_VOL30_1446_name of the holder,
2023_VOL30_1447_name of the holder,
2023_VOL30_1448_name of the holder,
2023_VOL30_1449_name of the holder,
2023_VOL30_1450_name of the holder,
2023_VOL30_1451_name of the holder,
2023_VOL30_1452_name of the holder,
2023_VOL30_1453_name of the holder,
2023_VOL30_1454_name of the holder,
2023_VOL30_1455_name of the holder,
2023_VOL30_1456_name of the holder,
2023_VOL30_1457_name of the holder,
2023_VOL30_1458_name of the holder,
2023_VOL30_1459_name of the holder,
2023_VOL30_1460_name of the holder,
2023_VOL30_1461_name of the holder,
2023_VOL30_1462_name of the holder,
2023_VOL30_1463_name of the holder,
2023_VOL30_1464_name of the holder,
2023_VOL30_1465_name of the holder,
2023_VOL30_1466_name of the holder,
2023_VOL30_1467_name of the holder,
2023_VOL30_1468_name of the holder,
2023_VOL30_1469_name of the holder,
2023_VOL30_1470_name of the holder,
2023_VOL30_1471_name of the holder,
2023_VOL30_1472_name of the holder,
2023_VOL30_1473_name of the holder,
2023_VOL30_1474_name of the holder,
2023_VOL30_1475_name of the holder,
2023_VOL30_1476_name of the holder,
2023_VOL30_1477_name of the holder,
2023_VOL30_1478_name of the holder,
2023_VOL30_1479_name of the holder,
2023_VOL30_1480_name of the holder,
2023_VOL30_1481_name of the holder,
2023_VOL30_1482_name of the holder,
2023_VOL30_1483_name of the holder,
2023_VOL30_1484_name of the holder,
2023_VOL30_1485_name of the holder,
2023_VOL30_1486_name of the holder,
2023_VOL30_1487_name of the holder,
2023_VOL30_1488_name of the holder,
2023_VOL30_1489_name of the holder,
2023_VOL30_1490_name of the holder,
2023_VOL30_1491_name of the holder,
2023_VOL30_1492_name of the holder,
2023_VOL30_1493_name of the holder,
2023_VOL30_1494_name of the holder,
2023_VOL30_1495_name of the holder,
2023_VOL30_1496_name of the holder,
2023_VOL30_1497_name of the holder,
2023_VOL30_1498_name of the holder,
2023_VOL30_1499_name of the holder,
2023_VOL30_1500_name of the holder,
2023_VOL30_1501_name of the holder,
2023_VOL30_1502_name of the holder,
2023_VOL30_1503_name of the holder,
2023_VOL30_1504_name of the holder,
2023_VOL30_1505_name of the holder,
2023_VOL30_1506_name of the holder,
2023_VOL30_1507_name of the holder,
2023_VOL30_1508_name of the holder,
2023_VOL30_1509_name of the holder,
2023_VOL30_1510_name of the holder,
2023_VOL30_1511_name of the holder,
2023_VOL30_1512_name of the holder,
2023_VOL30_1513_name of the holder,
2023_VOL30_1514_name of the holder,
2023_VOL30_1515_name of the holder,
2023_VOL30_1516_name of the holder,
2023_VOL30_1517_name of the holder,
2023_VOL30_1518_name of the holder,
2023_VOL30_1519_name of the holder,
2023_VOL30_1520_name of the holder,
2023_VOL30_1521_name of the holder,
2023_VOL30_1522_name of the holder,
2023_VOL30_1523_name of the holder,
2023_VOL30_1524_name of the holder,
2023_VOL30_1525_name of the holder,
2023_VOL30_1526_name of the holder,
2023_VOL30_1527_name of the holder,
2023_VOL30_1528_name of the holder,
2023_VOL30_1529_name of the holder,
2023_VOL30_1530_name of the holder,
2023_VOL30_1531_name of the holder,
2023_VOL30_1532_name of the holder,
2023_VOL30_1533_name of the holder,
2023_VOL30_1534_name of the holder,
2023_VOL30_1535_name of the holder,
2023_VOL30_1536_name of the holder,
2023_VOL30_1537_name of the holder,
2023_VOL30_1538_name of the holder,
2023_VOL30_1539_name of the holder,
2023_VOL30_1540_name of the holder,
2023_VOL30_1541_name of the holder,
2023_VOL30_1542_name of the holder,
2023_VOL30_1543_name of the holder,
2023_VOL30_1544_name of the holder,
2023_VOL30_1545_name of the holder,
2023_VOL30_1546_name of the holder,
2023_VOL30_1547_name of the holder,
2023_VOL30_1548_name of the holder,
2023_VOL30_1549_name of the holder,
2023_VOL30_1550_name of the holder,
2023_VOL30_1551_name of the holder,
2023_VOL30_1552_name of the holder,
2023_VOL30_1553_name of the holder,
2023_VOL30_1554_name of the holder,
2023_VOL30_1555_name of the holder,
2023_VOL30_1556_name of the holder,
2023_VOL30_1557_name of the holder,
2023_VOL30_1558_name of the holder,
2023_VOL30_1559_name of the holder,
2022_252_14521_name of the holder,
2022_252_14522_name of the holder,
2022_252_14523_name of the holder,
2022_252_14524_name of the holder,
2022_252_14525_name of the holder,
2022_252_14526_name of the holder,
2022_252_14527_name of the holder,
2022_252_14528_name of the holder,
2022_252_14529_name of the holder,
2022_252_14530_name of the holder,
2022_252_14531_name of the holder,
2022_252_14532_name of the holder,
2022_252_14533_name of the holder,
2022_252_14534_name of the holder,
2022_252_14535_name of the holder,
2022_252_14536_name of the holder,
2022_252_14537_name of the holder,
2022_252_14538_name of the holder,
2022_252_14539_name of the holder,
2022_252_14540_name of the holder,
2022_252_14541_name of the holder,
2022_252_14542_name of the holder,
2022_252_14543_name of the holder,
2022_252_14544_name of the holder,
2022_252_14545_name of the holder,
2022_252_14546_name of the holder,
2022_252_14547_name of the holder,
2022_252_14548_name of the holder,
2022_252_14549_name of the holder,
2022_252_14550_name of the holder,
2022_252_14551_name of the holder,
2022_252_14552_name of the holder,
2022_252_14553_name of the holder,
2022_252_14554_name of the holder,
2022_252_14555_name of the holder,
2022_252_14556_name of the holder,
2022_252_14557_name of the holder,
2022_252_14558_name of the holder,
2022_252_14559_name of the holder,
2022_252_14560_name of the holder,
2022_252_14561_name of the holder,
2022_252_14562_name of the holder,
2022_252_14563_name of the holder,
2022_252_14564_name of the holder,
2022_252_14565_name of the holder,
2022_252_14566_name of the holder,
2022_252_14567_name of the holder,
2022_252_14568_name of the holder,
2022_252_14569_name of the holder,
2022_252_14570_name of the holder,
2022_252_14571_name of the holder,
2022_252_14572_name of the holder,
2022_252_14573_name of the holder,
2022_252_14574_name of the holder,
2022_252_14575_name of the holder,
2022_252_14576_name of the holder,
2022_252_14577_name of the holder,
2022_252_14578_name of the holder,
2022_252_14579_name of the holder,
2022_252_14580_name of the holder,
2022_252_14581_name of the holder,
2022_252_14582_name of the holder,
2022_252_14583_name of the holder,
2022_252_14584_name of the holder,
2022_252_14585_name of the holder,
2022_252_14586_name of the holder,
2022_252_14587_name of the holder,
2022_252_14588_name of the holder,
2022_252_14589_name of the holder,
2022_252_14590_name of the holder,
2022_252_14591_name of the holder,
2022_252_14592_name of the holder,
2022_252_14593_name of the holder,
2022_252_14594_name of the holder,
2022_252_14595_name of the holder,
2022_252_14596_name of the holder,
2022_252_14597_name of the holder,
2022_252_14598_name of the holder,
2022_252_14599_name of the holder,
2022_252_14600_name of the holder,
2022_252_14601_name of the holder,
2022_252_14602_name of the holder,
2022_252_14603_name of the holder,
2022_252_14604_name of the holder,
2022_252_14605_name of the holder,
2022_252_14606_name of the holder,
2022_252_14607_name of the holder,
2022_252_14608_name of the holder,
2022_252_14609_name of the holder,
2022_252_14610_name of the holder,
2022_252_14611_name of the holder,
2022_252_14612_name of the holder,
2022_252_14613_name of the holder,
2022_252_14614_name of the holder,
2022_252_14615_name of the holder,
2022_252_14616_name of the holder,
2022_252_14617_name of the holder,
2022_252_14618_name of the holder,
2022_252_14619_name of the holder,
2022_252_14620_name of the holder,
2022_252_14621_name of the holder,
2022_252_14622_name of the holder,
2022_252_14623_name of the holder,
2022_252_14624_name of the holder,
2022_252_14625_name of the holder,
2022_252_14626_name of the holder,
2022_252_14627_name of the holder,
2022_252_14628_name of the holder,
2022_252_14629_name of the holder,
2022_252_14630_name of the holder,
2022_252_14631_name of the holder,
2022_252_14632_name of the holder,
2022_252_14633_name of the holder,
2022_252_14700_name of the holder,
2022_252_14701_name of the holder,
2022_252_14702_name of the holder,
2022_252_14703_name of the holder,
2022_252_14704_name of the holder,
2022_252_14705_name of the holder,
2022_252_14706_name of the holder,
2021_VOL89_4023_name of the holder,
2021_VOL89_4024_name of the holder,
2021_VOL89_4025_name of the holder,
2021_VOL89_4026_name of the holder,
2021_VOL89_4027_name of the holder,
2021_VOL89_4028_name of the holder,
2021_VOL89_4029_name of the holder,
2021_VOL89_4030_name of the holder,
2021_VOL89_4031_name of the holder,
2021_VOL89_4032_name of the holder,
2021_VOL89_4033_name of the holder,
2021_VOL89_4034_name of the holder,
2021_VOL89_4035_name of the holder,
2021_VOL89_4036_name of the holder,
2021_VOL89_4037_name of the holder,
2021_VOL89_4038_name of the holder,
2021_VOL89_4039_name of the holder,
2021_VOL89_4040_name of the holder,
2021_VOL89_4041_name of the holder,
2021_VOL89_4042_name of the holder,
2021_VOL89_4043_name of the holder,
2021_VOL89_4044_name of the holder,
2021_VOL89_4045_name of the holder,
2021_VOL89_4046_name of the holder,
2021_VOL89_4047_name of the holder,
2021_VOL89_4048_name of the holder,
2021_VOL89_4049_name of the holder,
2021_VOL89_4050_name of the holder,
2021_VOL89_4051_name of the holder,
2021_VOL89_4052_name of the holder,
2021_VOL89_4053_name of the holder,
2021_VOL89_4054_name of the holder,
2021_VOL89_4055_name of the holder,
2021_VOL89_4056_name of the holder,
2021_VOL89_4057_name of the holder,
2021_VOL89_4058_name of the holder,
2021_VOL89_4059_name of the holder,
2021_VOL89_4060_name of the holder,
2021_VOL89_4061_name of the holder,
2021_VOL89_4062_name of the holder,
2021_VOL89_4063_name of the holder,
2021_VOL89_4064_name of the holder,
2021_VOL89_4065_name of the holder,
2021_VOL89_4066_name of the holder,
2021_VOL89_4067_name of the holder,
2021_VOL89_4068_name of the holder,
2021_VOL89_4069_name of the holder,
2021_VOL89_4070_name of the holder,
2021_VOL89_4071_name of the holder,
2021_VOL89_4072_name of the holder,
2021_VOL89_4073_name of the holder,
2021_VOL89_4074_name of the holder,
2021_VOL89_4075_name of the holder,
2021_VOL89_4076_name of the holder,
2021_VOL89_4077_name of the holder,
2021_VOL89_4078_name of the holder,
2021_VOL89_4079_name of the holder,
2021_VOL89_4080_name of the holder,
2021_VOL89_4081_name of the holder,
2021_VOL89_4082_name of the holder,
2021_VOL89_4083_name of the holder,
2021_VOL89_4084_name of the holder,
2021_VOL89_4085_name of the holder,
2021_VOL89_4086_name of the holder,
2021_VOL89_4087_name of the holder,
2021_VOL89_4088_name of the holder,
2021_VOL89_4089_name of the holder,
2021_VOL89_4090_name of the holder,
2021_VOL89_4091_name of the holder,
2021_VOL89_4092_name of the holder,
2021_VOL89_4093_name of the holder,
2021_VOL89_4094_name of the holder,
2021_VOL89_4095_name of the holder,
2021_VOL89_4096_name of the holder,
2021_VOL89_4097_name of the holder,
2021_VOL89_4098_name of the holder,
2021_VOL89_4099_name of the holder,
2021_VOL89_4100_name of the holder,
2021_VOL89_4101_name of the holder,
2021_VOL89_4102_name of the holder,
2021_VOL89_4103_name of the holder,
2021_VOL89_4104_name of the holder,
2021_VOL89_4105_name of the holder,
2021_VOL89_4106_name of the holder,
2021_VOL89_4107_name of the holder,
2021_VOL89_4108_name of the holder,
2021_VOL89_4109_name of the holder,
2021_VOL89_4110_name of the holder,
2021_VOL89_4111_name of the holder,
2021_VOL89_4112_name of the holder,
2021_VOL89_4113_name of the holder,
2021_VOL89_4114_name of the holder,
2021_VOL89_4115_name of the holder,
2021_VOL89_4116_name of the holder,
2021_VOL89_4117_name of the holder,
2021_VOL89_4118_name of the holder,
2021_VOL89_4119_name of the holder,
2021_VOL89_4120_name of the holder,
2021_VOL89_4121_name of the holder,
2021_VOL89_4122_name of the holder,
2021_VOL89_4123_name of the holder,
2021_VOL89_4124_name of the holder,
2021_VOL89_4125_name of the holder,
2021_VOL89_4126_name of the holder,
2021_VOL89_4127_name of the holder,
2021_VOL89_4128_name of the holder,
2021_VOL89_4129_name of the holder,
2021_VOL89_4130_name of the holder,
2021_VOL89_4131_name of the holder,
2021_VOL89_4132_name of the holder,
2021_VOL89_4133_name of the holder,
2021_VOL89_4134_name of the holder,
2021_VOL89_4135_name of the holder,
2021_VOL89_4136_name of the holder,
2021_VOL89_4137_name of the holder,
2021_VOL89_4138_name of the holder,
2021_VOL89_4139_name of the holder,
2021_VOL89_4140_name of the holder,
2021_VOL89_4141_name of the holder,
2021_VOL89_4142_name of the holder,
2021_VOL89_4143_name of the holder,
2021_VOL89_4144_name of the holder,
2021_VOL89_4145_name of the holder,
2021_VOL89_4146_name of the holder,
2023_VOL30_1430_Registration numbers,
2023_VOL30_1431_Registration numbers,
2023_VOL30_1432_Registration numbers,
2023_VOL30_1433_Registration numbers,
2023_VOL30_1434_Registration numbers,
2023_VOL30_1435_Registration numbers,
2023_VOL30_1436_Registration numbers,
2023_VOL30_1437_Registration numbers,
2023_VOL30_1438_Registration numbers,
2023_VOL30_1439_Registration numbers,
2023_VOL30_1440_Registration numbers,
2023_VOL30_1441_Registration numbers,
2023_VOL30_1442_Registration numbers,
2023_VOL30_1443_Registration numbers,
2023_VOL30_1444_Registration numbers,
2023_VOL30_1445_Registration numbers,
2023_VOL30_1446_Registration numbers,
2023_VOL30_1447_Registration numbers,
2023_VOL30_1448_Registration numbers,
2023_VOL30_1449_Registration numbers,
2023_VOL30_1450_Registration numbers,
2023_VOL30_1451_Registration numbers,
2023_VOL30_1452_Registration numbers,
2023_VOL30_1453_Registration numbers,
2023_VOL30_1454_Registration numbers,
2023_VOL30_1455_Registration numbers,
2023_VOL30_1456_Registration numbers,
2023_VOL30_1457_Registration numbers,
2023_VOL30_1458_Registration numbers,
2023_VOL30_1459_Registration numbers,
2023_VOL30_1460_Registration numbers,
2023_VOL30_1461_Registration numbers,
2023_VOL30_1462_Registration numbers,
2023_VOL30_1463_Registration numbers,
2023_VOL30_1464_Registration numbers,
2023_VOL30_1465_Registration numbers,
2023_VOL30_1466_Registration numbers,
2023_VOL30_1467_Registration numbers,
2023_VOL30_1468_Registration numbers,
2023_VOL30_1469_Registration numbers,
2023_VOL30_1470_Registration numbers,
2023_VOL30_1471_Registration numbers,
2023_VOL30_1472_Registration numbers,
2023_VOL30_1473_Registration numbers,
2023_VOL30_1474_Registration numbers,
2023_VOL30_1475_Registration numbers,
2023_VOL30_1476_Registration numbers,
2023_VOL30_1477_Registration numbers,
2023_VOL30_1478_Registration numbers,
2023_VOL30_1479_Registration numbers,
2023_VOL30_1480_Registration numbers,
2023_VOL30_1481_Registration numbers,
2023_VOL30_1482_Registration numbers,
2023_VOL30_1483_Registration numbers,
2023_VOL30_1484_Registration numbers,
2023_VOL30_1485_Registration numbers,
2023_VOL30_1486_Registration numbers,
2023_VOL30_1487_Registration numbers,
2023_VOL30_1488_Registration numbers,
2023_VOL30_1489_Registration numbers,
2023_VOL30_1490_Registration numbers,
2023_VOL30_1491_Registration numbers,
2023_VOL30_1492_Registration numbers,
2023_VOL30_1493_Registration numbers,
2023_VOL30_1494_Registration numbers,
2023_VOL30_1495_Registration numbers,
2023_VOL30_1496_Registration numbers,
2023_VOL30_1497_Registration numbers,
2023_VOL30_1498_Registration numbers,
2023_VOL30_1499_Registration numbers,
2023_VOL30_1500_Registration numbers,
2023_VOL30_1501_Registration numbers,
2023_VOL30_1502_Registration numbers,
2023_VOL30_1503_Registration numbers,
2023_VOL30_1504_Registration numbers,
2023_VOL30_1505_Registration numbers,
2023_VOL30_1506_Registration numbers,
2023_VOL30_1507_Registration numbers,
2023_VOL30_1508_Registration numbers,
2023_VOL30_1509_Registration numbers,
2023_VOL30_1510_Registration numbers,
2023_VOL30_1511_Registration numbers,
2023_VOL30_1512_Registration numbers,
2023_VOL30_1513_Registration numbers,
2023_VOL30_1514_Registration numbers,
2023_VOL30_1515_Registration numbers,
2023_VOL30_1516_Registration numbers,
2023_VOL30_1517_Registration numbers,
2023_VOL30_1518_Registration numbers,
2023_VOL30_1519_Registration numbers,
2023_VOL30_1520_Registration numbers,
2023_VOL30_1521_Registration numbers,
2023_VOL30_1522_Registration numbers,
2023_VOL30_1523_Registration numbers,
2023_VOL30_1524_Registration numbers,
2023_VOL30_1525_Registration numbers,
2023_VOL30_1526_Registration numbers,
2023_VOL30_1527_Registration numbers,
2023_VOL30_1528_Registration numbers,
2023_VOL30_1529_Registration numbers,
2023_VOL30_1530_Registration numbers,
2023_VOL30_1531_Registration numbers,
2023_VOL30_1532_Registration numbers,
2023_VOL30_1533_Registration numbers,
2023_VOL30_1534_Registration numbers,
2023_VOL30_1535_Registration numbers,
2023_VOL30_1536_Registration numbers,
2023_VOL30_1537_Registration numbers,
2023_VOL30_1538_Registration numbers,
2023_VOL30_1539_Registration numbers,
2023_VOL30_1540_Registration numbers,
2023_VOL30_1541_Registration numbers,
2023_VOL30_1542_Registration numbers,
2023_VOL30_1543_Registration numbers,
2023_VOL30_1544_Registration numbers,
2023_VOL30_1545_Registration numbers,
2023_VOL30_1546_Registration numbers,
2023_VOL30_1547_Registration numbers,
2023_VOL30_1548_Registration numbers,
2023_VOL30_1549_Registration numbers,
2023_VOL30_1550_Registration numbers,
2023_VOL30_1551_Registration numbers,
2023_VOL30_1552_Registration numbers,
2023_VOL30_1553_Registration numbers,
2023_VOL30_1554_Registration numbers,
2023_VOL30_1555_Registration numbers,
2023_VOL30_1556_Registration numbers,
2023_VOL30_1557_Registration numbers,
2023_VOL30_1558_Registration numbers,
2023_VOL30_1559_Registration numbers,
2022_252_14521_Registration numbers,
2022_252_14522_Registration numbers,
2022_252_14523_Registration numbers,
2022_252_14524_Registration numbers,
2022_252_14525_Registration numbers,
2022_252_14526_Registration numbers,
2022_252_14527_Registration numbers,
2022_252_14528_Registration numbers,
2022_252_14529_Registration numbers,
2022_252_14530_Registration numbers,
2022_252_14531_Registration numbers,
2022_252_14532_Registration numbers,
2022_252_14533_Registration numbers,
2022_252_14534_Registration numbers,
2022_252_14535_Registration numbers,
2022_252_14536_Registration numbers,
2022_252_14537_Registration numbers,
2022_252_14538_Registration numbers,
2022_252_14539_Registration numbers,
2022_252_14540_Registration numbers,
2022_252_14541_Registration numbers,
2022_252_14542_Registration numbers,
2022_252_14543_Registration numbers,
2022_252_14544_Registration numbers,
2022_252_14545_Registration numbers,
2022_252_14546_Registration numbers,
2022_252_14547_Registration numbers,
2022_252_14548_Registration numbers,
2022_252_14549_Registration numbers,
2022_252_14550_Registration numbers,
2022_252_14551_Registration numbers,
2022_252_14552_Registration numbers,
2022_252_14553_Registration numbers,
2022_252_14554_Registration numbers,
2022_252_14555_Registration numbers,
2022_252_14556_Registration numbers,
2022_252_14557_Registration numbers,
2022_252_14558_Registration numbers,
2022_252_14559_Registration numbers,
2022_252_14560_Registration numbers,
2022_252_14561_Registration numbers,
2022_252_14562_Registration numbers,
2022_252_14563_Registration numbers,
2022_252_14564_Registration numbers,
2022_252_14565_Registration numbers,
2022_252_14566_Registration numbers,
2022_252_14567_Registration numbers,
2022_252_14568_Registration numbers,
2022_252_14569_Registration numbers,
2022_252_14570_Registration numbers,
2022_252_14571_Registration numbers,
2022_252_14572_Registration numbers,
2022_252_14573_Registration numbers,
2022_252_14574_Registration numbers,
2022_252_14575_Registration numbers,
2022_252_14576_Registration numbers,
2022_252_14577_Registration numbers,
2022_252_14578_Registration numbers,
2022_252_14579_Registration numbers,
2022_252_14580_Registration numbers,
2022_252_14581_Registration numbers,
2022_252_14582_Registration numbers,
2022_252_14583_Registration numbers,
2022_252_14584_Registration numbers,
2022_252_14585_Registration numbers,
2022_252_14586_Registration numbers,
2022_252_14587_Registration numbers,
2022_252_14588_Registration numbers,
2022_252_14589_Registration numbers,
2022_252_14590_Registration numbers,
2022_252_14591_Registration numbers,
2022_252_14592_Registration numbers,
2022_252_14593_Registration numbers,
2022_252_14594_Registration numbers,
2022_252_14595_Registration numbers,
2022_252_14596_Registration numbers,
2022_252_14597_Registration numbers,
2022_252_14598_Registration numbers,
2022_252_14599_Registration numbers,
2022_252_14600_Registration numbers,
2022_252_14601_Registration numbers,
2022_252_14602_Registration numbers,
2022_252_14603_Registration numbers,
2022_252_14604_Registration numbers,
2022_252_14605_Registration numbers,
2022_252_14606_Registration numbers,
2022_252_14607_Registration numbers,
2022_252_14608_Registration numbers,
2022_252_14609_Registration numbers,
2022_252_14610_Registration numbers,
2022_252_14611_Registration numbers,
2022_252_14612_Registration numbers,
2022_252_14613_Registration numbers,
2022_252_14614_Registration numbers,
2022_252_14615_Registration numbers,
2022_252_14616_Registration numbers,
2022_252_14617_Registration numbers,
2022_252_14618_Registration numbers,
2022_252_14619_Registration numbers,
2022_252_14620_Registration numbers,
2022_252_14621_Registration numbers,
2022_252_14622_Registration numbers,
2022_252_14623_Registration numbers,
2022_252_14624_Registration numbers,
2022_252_14625_Registration numbers,
2022_252_14626_Registration numbers,
2022_252_14627_Registration numbers,
2022_252_14628_Registration numbers,
2022_252_14629_Registration numbers,
2022_252_14630_Registration numbers,
2022_252_14631_Registration numbers,
2022_252_14632_Registration numbers,
2022_252_14633_Registration numbers,
2022_252_14700_Registration numbers,
2022_252_14701_Registration numbers,
2022_252_14702_Registration numbers,
2022_252_14703_Registration numbers,
2022_252_14704_Registration numbers,
2022_252_14705_Registration numbers,
2022_252_14706_Registration numbers,
2021_VOL89_4023_Registration numbers,
2021_VOL89_4024_Registration numbers,
2021_VOL89_4025_Registration numbers,
2021_VOL89_4026_Registration numbers,
2021_VOL89_4027_Registration numbers,
2021_VOL89_4028_Registration numbers,
2021_VOL89_4029_Registration numbers,
2021_VOL89_4030_Registration numbers,
2021_VOL89_4031_Registration numbers,
2021_VOL89_4032_Registration numbers,
2021_VOL89_4033_Registration numbers,
2021_VOL89_4034_Registration numbers,
2021_VOL89_4035_Registration numbers,
2021_VOL89_4036_Registration numbers,
2021_VOL89_4037_Registration numbers,
2021_VOL89_4038_Registration numbers,
2021_VOL89_4039_Registration numbers,
2021_VOL89_4040_Registration numbers,
2021_VOL89_4041_Registration numbers,
2021_VOL89_4042_Registration numbers,
2021_VOL89_4043_Registration numbers,
2021_VOL89_4044_Registration numbers,
2021_VOL89_4045_Registration numbers,
2021_VOL89_4046_Registration numbers,
2021_VOL89_4047_Registration numbers,
2021_VOL89_4048_Registration numbers,
2021_VOL89_4049_Registration numbers,
2021_VOL89_4050_Registration numbers,
2021_VOL89_4051_Registration numbers,
2021_VOL89_4052_Registration numbers,
2021_VOL89_4053_Registration numbers,
2021_VOL89_4054_Registration numbers,
2021_VOL89_4055_Registration numbers,
2021_VOL89_4056_Registration numbers,
2021_VOL89_4057_Registration numbers,
2021_VOL89_4058_Registration numbers,
2021_VOL89_4059_Registration numbers,
2021_VOL89_4060_Registration numbers,
2021_VOL89_4061_Registration numbers,
2021_VOL89_4062_Registration numbers,
2021_VOL89_4063_Registration numbers,
2021_VOL89_4064_Registration numbers,
2021_VOL89_4065_Registration numbers,
2021_VOL89_4066_Registration numbers,
2021_VOL89_4067_Registration numbers,
2021_VOL89_4068_Registration numbers,
2021_VOL89_4069_Registration numbers,
2021_VOL89_4070_Registration numbers,
2021_VOL89_4071_Registration numbers,
2021_VOL89_4072_Registration numbers,
2021_VOL89_4073_Registration numbers,
2021_VOL89_4074_Registration numbers,
2021_VOL89_4075_Registration numbers,
2021_VOL89_4076_Registration numbers,
2021_VOL89_4077_Registration numbers,
2021_VOL89_4078_Registration numbers,
2021_VOL89_4079_Registration numbers,
2021_VOL89_4080_Registration numbers,
2021_VOL89_4081_Registration numbers,
2021_VOL89_4082_Registration numbers,
2021_VOL89_4083_Registration numbers,
2021_VOL89_4084_Registration numbers,
2021_VOL89_4085_Registration numbers,
2021_VOL89_4086_Registration numbers,
2021_VOL89_4087_Registration numbers,
2021_VOL89_4088_Registration numbers,
2021_VOL89_4089_Registration numbers,
2021_VOL89_4090_Registration numbers,
2021_VOL89_4091_Registration numbers,
2021_VOL89_4092_Registration numbers,
2021_VOL89_4093_Registration numbers,
2021_VOL89_4094_Registration numbers,
2021_VOL89_4095_Registration numbers,
2021_VOL89_4096_Registration numbers,
2021_VOL89_4097_Registration numbers,
2021_VOL89_4098_Registration numbers,
2021_VOL89_4099_Registration numbers,
2021_VOL89_4100_Registration numbers,
2021_VOL89_4101_Registration numbers,
2021_VOL89_4102_Registration numbers,
2021_VOL89_4103_Registration numbers,
2021_VOL89_4104_Registration numbers,
2021_VOL89_4105_Registration numbers,
2021_VOL89_4106_Registration numbers,
2021_VOL89_4107_Registration numbers,
2021_VOL89_4108_Registration numbers,
2021_VOL89_4109_Registration numbers,
2021_VOL89_4110_Registration numbers,
2021_VOL89_4111_Registration numbers,
2021_VOL89_4112_Registration numbers,
2021_VOL89_4113_Registration numbers,
2021_VOL89_4114_Registration numbers,
2021_VOL89_4115_Registration numbers,
2021_VOL89_4116_Registration numbers,
2021_VOL89_4117_Registration numbers,
2021_VOL89_4118_Registration numbers,
2021_VOL89_4119_Registration numbers,
2021_VOL89_4120_Registration numbers,
2021_VOL89_4121_Registration numbers,
2021_VOL89_4122_Registration numbers,
2021_VOL89_4123_Registration numbers,
2021_VOL89_4124_Registration numbers,
2021_VOL89_4125_Registration numbers,
2021_VOL89_4126_Registration numbers,
2021_VOL89_4127_Registration numbers,
2021_VOL89_4128_Registration numbers,
2021_VOL89_4129_Registration numbers,
2021_VOL89_4130_Registration numbers,
2021_VOL89_4131_Registration numbers,
2021_VOL89_4132_Registration numbers,
2021_VOL89_4133_Registration numbers,
2021_VOL89_4134_Registration numbers,
2021_VOL89_4135_Registration numbers,
2021_VOL89_4136_Registration numbers,
2021_VOL89_4137_Registration numbers,
2021_VOL89_4138_Registration numbers,
2021_VOL89_4139_Registration numbers,
2021_VOL89_4140_Registration numbers,
2021_VOL89_4141_Registration numbers,
2021_VOL89_4142_Registration numbers,
2021_VOL89_4143_Registration numbers,
2021_VOL89_4144_Registration numbers,
2021_VOL89_4145_Registration numbers,
2021_VOL89_4146_Registration numbers,
2023_VOL30_1430_Land location,
2023_VOL30_1431_Land location,
2023_VOL30_1432_Land location,
2023_VOL30_1433_Land location,
2023_VOL30_1434_Land location,
2023_VOL30_1435_Land location,
2023_VOL30_1436_Land location,
2023_VOL30_1437_Land location,
2023_VOL30_1438_Land location,
2023_VOL30_1439_Land location,
2023_VOL30_1440_Land location,
2023_VOL30_1441_Land location,
2023_VOL30_1442_Land location,
2023_VOL30_1443_Land location,
2023_VOL30_1444_Land location,
2023_VOL30_1445_Land location,
2023_VOL30_1446_Land location,
2023_VOL30_1447_Land location,
2023_VOL30_1448_Land location,
2023_VOL30_1449_Land location,
2023_VOL30_1450_Land location,
2023_VOL30_1451_Land location,
2023_VOL30_1452_Land location,
2023_VOL30_1453_Land location,
2023_VOL30_1454_Land location,
2023_VOL30_1455_Land location,
2023_VOL30_1456_Land location,
2023_VOL30_1457_Land location,
2023_VOL30_1458_Land location,
2023_VOL30_1459_Land location,
2023_VOL30_1460_Land location,
2023_VOL30_1461_Land location,
2023_VOL30_1462_Land location,
2023_VOL30_1463_Land location,
2023_VOL30_1464_Land location,
2023_VOL30_1465_Land location,
2023_VOL30_1466_Land location,
2023_VOL30_1467_Land location,
2023_VOL30_1468_Land location,
2023_VOL30_1469_Land location,
2023_VOL30_1470_Land location,
2023_VOL30_1471_Land location,
2023_VOL30_1472_Land location,
2023_VOL30_1473_Land location,
2023_VOL30_1474_Land location,
2023_VOL30_1475_Land location,
2023_VOL30_1476_Land location,
2023_VOL30_1477_Land location,
2023_VOL30_1478_Land location,
2023_VOL30_1479_Land location,
2023_VOL30_1480_Land location,
2023_VOL30_1481_Land location,
2023_VOL30_1482_Land location,
2023_VOL30_1483_Land location,
2023_VOL30_1484_Land location,
2023_VOL30_1485_Land location,
2023_VOL30_1486_Land location,
2023_VOL30_1487_Land location,
2023_VOL30_1488_Land location,
2023_VOL30_1489_Land location,
2023_VOL30_1490_Land location,
2023_VOL30_1491_Land location,
2023_VOL30_1492_Land location,
2023_VOL30_1493_Land location,
2023_VOL30_1494_Land location,
2023_VOL30_1495_Land location,
2023_VOL30_1496_Land location,
2023_VOL30_1497_Land location,
2023_VOL30_1498_Land location,
2023_VOL30_1499_Land location,
2023_VOL30_1500_Land location,
2023_VOL30_1501_Land location,
2023_VOL30_1502_Land location,
2023_VOL30_1503_Land location,
2023_VOL30_1504_Land location,
2023_VOL30_1505_Land location,
2023_VOL30_1506_Land location,
2023_VOL30_1507_Land location,
2023_VOL30_1508_Land location,
2023_VOL30_1509_Land location,
2023_VOL30_1510_Land location,
2023_VOL30_1511_Land location,
2023_VOL30_1512_Land location,
2023_VOL30_1513_Land location,
2023_VOL30_1514_Land location,
2023_VOL30_1515_Land location,
2023_VOL30_1516_Land location,
2023_VOL30_1517_Land location,
2023_VOL30_1518_Land location,
2023_VOL30_1519_Land location,
2023_VOL30_1520_Land location,
2023_VOL30_1521_Land location,
2023_VOL30_1522_Land location,
2023_VOL30_1523_Land location,
2023_VOL30_1524_Land location,
2023_VOL30_1525_Land location,
2023_VOL30_1526_Land location,
2023_VOL30_1527_Land location,
2023_VOL30_1528_Land location,
2023_VOL30_1529_Land location,
2023_VOL30_1530_Land location,
2023_VOL30_1531_Land location,
2023_VOL30_1532_Land location,
2023_VOL30_1533_Land location,
2023_VOL30_1534_Land location,
2023_VOL30_1535_Land location,
2023_VOL30_1536_Land location,
2023_VOL30_1537_Land location,
2023_VOL30_1538_Land location,
2023_VOL30_1539_Land location,
2023_VOL30_1540_Land location,
2023_VOL30_1541_Land location,
2023_VOL30_1542_Land location,
2023_VOL30_1543_Land location,
2023_VOL30_1544_Land location,
2023_VOL30_1545_Land location,
2023_VOL30_1546_Land location,
2023_VOL30_1547_Land location,
2023_VOL30_1548_Land location,
2023_VOL30_1549_Land location,
2023_VOL30_1550_Land location,
2023_VOL30_1551_Land location,
2023_VOL30_1552_Land location,
2023_VOL30_1553_Land location,
2023_VOL30_1554_Land location,
2023_VOL30_1555_Land location,
2023_VOL30_1556_Land location,
2023_VOL30_1557_Land location,
2023_VOL30_1558_Land location,
2023_VOL30_1559_Land location,
2022_252_14521_Land location,
2022_252_14522_Land location,
2022_252_14523_Land location,
2022_252_14524_Land location,
2022_252_14525_Land location,
2022_252_14526_Land location,
2022_252_14527_Land location,
2022_252_14528_Land location,
2022_252_14529_Land location,
2022_252_14530_Land location,
2022_252_14531_Land location,
2022_252_14532_Land location,
2022_252_14533_Land location,
2022_252_14534_Land location,
2022_252_14535_Land location,
2022_252_14536_Land location,
2022_252_14537_Land location,
2022_252_14538_Land location,
2022_252_14539_Land location,
2022_252_14540_Land location,
2022_252_14541_Land location,
2022_252_14542_Land location,
2022_252_14543_Land location,
2022_252_14544_Land location,
2022_252_14545_Land location,
2022_252_14546_Land location,
2022_252_14547_Land location,
2022_252_14548_Land location,
2022_252_14549_Land location,
2022_252_14550_Land location,
2022_252_14551_Land location,
2022_252_14552_Land location,
2022_252_14553_Land location,
2022_252_14554_Land location,
2022_252_14555_Land location,
2022_252_14556_Land location,
2022_252_14557_Land location,
2022_252_14558_Land location,
2022_252_14559_Land location,
2022_252_14560_Land location,
2022_252_14561_Land location,
2022_252_14562_Land location,
2022_252_14563_Land location,
2022_252_14564_Land location,
2022_252_14565_Land location,
2022_252_14566_Land location,
2022_252_14567_Land location,
2022_252_14568_Land location,
2022_252_14569_Land location,
2022_252_14570_Land location,
2022_252_14571_Land location,
2022_252_14572_Land location,
2022_252_14573_Land location,
2022_252_14574_Land location,
2022_252_14575_Land location,
2022_252_14576_Land location,
2022_252_14577_Land location,
2022_252_14578_Land location,
2022_252_14579_Land location,
2022_252_14580_Land location,
2022_252_14581_Land location,
2022_252_14582_Land location,
2022_252_14583_Land location,
2022_252_14584_Land location,
2022_252_14585_Land location,
2022_252_14586_Land location,
2022_252_14587_Land location,
2022_252_14588_Land location,
2022_252_14589_Land location,
2022_252_14590_Land location,
2022_252_14591_Land location,
2022_252_14592_Land location,
2022_252_14593_Land location,
2022_252_14594_Land location,
2022_252_14595_Land location,
2022_252_14596_Land location,
2022_252_14597_Land location,
2022_252_14598_Land location,
2022_252_14599_Land location,
2022_252_14600_Land location,
2022_252_14601_Land location,
2022_252_14602_Land location,
2022_252_14603_Land location,
2022_252_14604_Land location,
2022_252_14605_Land location,
2022_252_14606_Land location,
2022_252_14607_Land location,
2022_252_14608_Land location,
2022_252_14609_Land location,
2022_252_14610_Land location,
2022_252_14611_Land location,
2022_252_14612_Land location,
2022_252_14613_Land location,
2022_252_14614_Land location,
2022_252_14615_Land location,
2022_252_14616_Land location,
2022_252_14617_Land location,
2022_252_14618_Land location,
2022_252_14619_Land location,
2022_252_14620_Land location,
2022_252_14621_Land location,
2022_252_14622_Land location,
2022_252_14623_Land location,
2022_252_14624_Land location,
2022_252_14625_Land location,
2022_252_14626_Land location,
2022_252_14627_Land location,
2022_252_14628_Land location,
2022_252_14629_Land location,
2022_252_14630_Land location,
2022_252_14631_Land location,
2022_252_14632_Land location,
2022_252_14633_Land location,
2022_252_14700_Land location,
2022_252_14701_Land location,
2022_252_14702_Land location,
2022_252_14703_Land location,
2022_252_14704_Land location,
2022_252_14705_Land location,
2022_252_14706_Land location,
2021_VOL89_4023_Land location,
2021_VOL89_4024_Land location,
2021_VOL89_4025_Land location,
2021_VOL89_4026_Land location,
2021_VOL89_4027_Land location,
2021_VOL89_4028_Land location,
2021_VOL89_4029_Land location,
2021_VOL89_4030_Land location,
2021_VOL89_4031_Land location,
2021_VOL89_4032_Land location,
2021_VOL89_4033_Land location,
2021_VOL89_4034_Land location,
2021_VOL89_4035_Land location,
2021_VOL89_4036_Land location,
2021_VOL89_4037_Land location,
2021_VOL89_4038_Land location,
2021_VOL89_4039_Land location,
2021_VOL89_4040_Land location,
2021_VOL89_4041_Land location,
2021_VOL89_4042_Land location,
2021_VOL89_4043_Land location,
2021_VOL89_4044_Land location,
2021_VOL89_4045_Land location,
2021_VOL89_4046_Land location,
2021_VOL89_4047_Land location,
2021_VOL89_4048_Land location,
2021_VOL89_4049_Land location,
2021_VOL89_4050_Land location,
2021_VOL89_4051_Land location,
2021_VOL89_4052_Land location,
2021_VOL89_4053_Land location,
2021_VOL89_4054_Land location,
2021_VOL89_4055_Land location,
2021_VOL89_4056_Land location,
2021_VOL89_4057_Land location,
2021_VOL89_4058_Land location,
2021_VOL89_4059_Land location,
2021_VOL89_4060_Land location,
2021_VOL89_4061_Land location,
2021_VOL89_4062_Land location,
2021_VOL89_4063_Land location,
2021_VOL89_4064_Land location,
2021_VOL89_4065_Land location,
2021_VOL89_4066_Land location,
2021_VOL89_4067_Land location,
2021_VOL89_4068_Land location,
2021_VOL89_4069_Land location,
2021_VOL89_4070_Land location,
2021_VOL89_4071_Land location,
2021_VOL89_4072_Land location,
2021_VOL89_4073_Land location,
2021_VOL89_4074_Land location,
2021_VOL89_4075_Land location,
2021_VOL89_4076_Land location,
2021_VOL89_4077_Land location,
2021_VOL89_4078_Land location,
2021_VOL89_4079_Land location,
2021_VOL89_4080_Land location,
2021_VOL89_4081_Land location,
2021_VOL89_4082_Land location,
2021_VOL89_4083_Land location,
2021_VOL89_4084_Land location,
2021_VOL89_4085_Land location,
2021_VOL89_4086_Land location,
2021_VOL89_4087_Land location,
2021_VOL89_4088_Land location,
2021_VOL89_4089_Land location,
2021_VOL89_4090_Land location,
2021_VOL89_4091_Land location,
2021_VOL89_4092_Land location,
2021_VOL89_4093_Land location,
2021_VOL89_4094_Land location,
2021_VOL89_4095_Land location,
2021_VOL89_4096_Land location,
2021_VOL89_4097_Land location,
2021_VOL89_4098_Land location,
2021_VOL89_4099_Land location,
2021_VOL89_4100_Land location,
2021_VOL89_4101_Land location,
2021_VOL89_4102_Land location,
2021_VOL89_4103_Land location,
2021_VOL89_4104_Land location,
2021_VOL89_4105_Land location,
2021_VOL89_4106_Land location,
2021_VOL89_4107_Land location,
2021_VOL89_4108_Land location,
2021_VOL89_4109_Land location,
2021_VOL89_4110_Land location,
2021_VOL89_4111_Land location,
2021_VOL89_4112_Land location,
2021_VOL89_4113_Land location,
2021_VOL89_4114_Land location,
2021_VOL89_4115_Land location,
2021_VOL89_4116_Land location,
2021_VOL89_4117_Land location,
2021_VOL89_4118_Land location,
2021_VOL89_4119_Land location,
2021_VOL89_4120_Land location,
2021_VOL89_4121_Land location,
2021_VOL89_4122_Land location,
2021_VOL89_4123_Land location,
2021_VOL89_4124_Land location,
2021_VOL89_4125_Land location,
2021_VOL89_4126_Land location,
2021_VOL89_4127_Land location,
2021_VOL89_4128_Land location,
2021_VOL89_4129_Land location,
2021_VOL89_4130_Land location,
2021_VOL89_4131_Land location,
2021_VOL89_4132_Land location,
2021_VOL89_4133_Land location,
2021_VOL89_4134_Land location,
2021_VOL89_4135_Land location,
2021_VOL89_4136_Land location,
2021_VOL89_4137_Land location,
2021_VOL89_4138_Land location,
2021_VOL89_4139_Land location,
2021_VOL89_4140_Land location,
2021_VOL89_4141_Land location,
2021_VOL89_4142_Land location,
2021_VOL89_4143_Land location,
2021_VOL89_4144_Land location,
2021_VOL89_4145_Land location,
2021_VOL89_4146_Land location,
